metric,baseline_RF,XGB_tuned
RMSE,28790.190683542172,25338.516006525362
MAE,17536.538070776256,15611.763671875
R2,0.8919374408329519,0.9162955284118652
