model,RMSE,MAE,R2
ElasticNet,31429.828576422446,20074.769003286576,0.8712135445533338
RandomForest,28728.174763192597,17446.412340182647,0.8924024868132441
