model,RMSE,MAE,R2
ElasticNet,31459.977760664813,19990.682722204627,0.8709663482402947
RandomForest,28790.190683542172,17536.538070776256,0.8919374408329519
